steps,duration_s,final_horizontal_error_m,final_3d_error_m,mean_3d_error_m,max_3d_error_m
35,170.0000000000024,82.052963516459,82.06252833313363,34.66870772954263,82.06252833313363
